[
  {
    "event": "before_pipeline_run",
    "timestamp": "2025-11-26T06:18:28.189313+00:00"
  },
  {
    "event": "after_dataset_loaded",
    "dataset": "covid_19_clean_complete",
    "node_id": "3b0eda90",
    "status": "Available",
    "size": 3305202
  },
  {
    "event": "after_dataset_loaded",
    "dataset": "day_wise",
    "node_id": "e0ef727f",
    "status": "Available",
    "size": 14432
  },
  {
    "event": "after_dataset_loaded",
    "dataset": "full_grouped",
    "node_id": "f3953f47",
    "status": "Available",
    "size": 1857039
  },
  {
    "event": "after_dataset_loaded",
    "dataset": "usa_county_wise",
    "node_id": "850341de",
    "status": "Available",
    "size": 69839185
  },
  {
    "event": "after_dataset_loaded",
    "dataset": "worldometer_data",
    "node_id": "be7001a9",
    "status": "Available",
    "size": 16462
  },
  {
    "event": "after_dataset_loaded",
    "dataset": "country_wise_latest",
    "node_id": "f7600f2d",
    "status": "Available",
    "size": 14784
  },
  {
    "event": "after_node_run",
    "node": "check_all_datasets",
    "node_id": "146ab585",
    "duration": 0.611676599997736,
    "status": "success"
  },
  {
    "event": "after_dataset_loaded",
    "dataset": "covid_19_clean_complete",
    "node_id": "3b0eda90",
    "status": "Available",
    "size": 3305202
  },
  {
    "event": "after_node_run",
    "node": "clean_province_state_node",
    "node_id": "8563442f",
    "duration": 0.1701749000021664,
    "status": "success"
  },
  {
    "event": "after_dataset_saved",
    "dataset": "covid_19_clean_complete_final",
    "node_id": "6e14d375",
    "status": "Available",
    "size": 0
  },
  {
    "event": "after_dataset_loaded",
    "dataset": "usa_county_wise",
    "node_id": "850341de",
    "status": "Available",
    "size": 69839185
  },
  {
    "event": "after_node_run",
    "node": "clean_usa_county_node",
    "node_id": "7ee27959",
    "duration": 3.0038157000017236,
    "status": "success"
  },
  {
    "event": "after_dataset_saved",
    "dataset": "usa_county_wise_clean",
    "node_id": "fcf6ebf8",
    "status": "Available",
    "size": 0
  },
  {
    "event": "after_dataset_loaded",
    "dataset": "worldometer_data",
    "node_id": "be7001a9",
    "status": "Available",
    "size": 16462
  },
  {
    "event": "after_node_run",
    "node": "clean_worldometer_data_node",
    "node_id": "97fcb797",
    "duration": 0.007136100000934675,
    "status": "success"
  },
  {
    "event": "after_dataset_saved",
    "dataset": "worldometer_data_clean",
    "node_id": "16c8a884",
    "status": "Available",
    "size": 0
  },
  {
    "event": "after_dataset_loaded",
    "dataset": "covid_19_clean_complete",
    "node_id": "3b0eda90",
    "status": "Available",
    "size": 3305202
  },
  {
    "event": "after_dataset_loaded",
    "dataset": "params:dataset2_name",
    "node_id": "f21cfc4b",
    "status": "Available",
    "size": 0
  },
  {
    "event": "after_node_run",
    "node": "explore_clean_complete",
    "node_id": "16fca03b",
    "duration": 0.045068700001138495,
    "status": "success"
  },
  {
    "event": "after_dataset_loaded",
    "dataset": "country_wise_latest",
    "node_id": "f7600f2d",
    "status": "Available",
    "size": 14784
  },
  {
    "event": "after_dataset_loaded",
    "dataset": "params:dataset1_name",
    "node_id": "2dc512e3",
    "status": "Available",
    "size": 0
  },
  {
    "event": "after_node_run",
    "node": "explore_country_wise",
    "node_id": "afacd513",
    "duration": 0.03428129999883822,
    "status": "success"
  },
  {
    "event": "after_dataset_loaded",
    "dataset": "day_wise",
    "node_id": "e0ef727f",
    "status": "Available",
    "size": 14432
  },
  {
    "event": "after_dataset_loaded",
    "dataset": "params:dataset3_name",
    "node_id": "7b3cb67b",
    "status": "Available",
    "size": 0
  },
  {
    "event": "after_node_run",
    "node": "explore_day_wise",
    "node_id": "144410f3",
    "duration": 0.027162800000951393,
    "status": "success"
  },
  {
    "event": "after_dataset_loaded",
    "dataset": "full_grouped",
    "node_id": "f3953f47",
    "status": "Available",
    "size": 1857039
  },
  {
    "event": "after_dataset_loaded",
    "dataset": "params:dataset4_name",
    "node_id": "2667d47f",
    "status": "Available",
    "size": 0
  },
  {
    "event": "after_node_run",
    "node": "explore_full_grouped",
    "node_id": "2e2c486f",
    "duration": 0.03307240000140155,
    "status": "success"
  },
  {
    "event": "after_dataset_loaded",
    "dataset": "usa_county_wise",
    "node_id": "850341de",
    "status": "Available",
    "size": 69839185
  },
  {
    "event": "after_dataset_loaded",
    "dataset": "params:dataset5_name",
    "node_id": "68fb42d0",
    "status": "Available",
    "size": 0
  },
  {
    "event": "after_node_run",
    "node": "explore_usa_county",
    "node_id": "5f44dbc9",
    "duration": 0.5687728999982937,
    "status": "success"
  },
  {
    "event": "after_dataset_loaded",
    "dataset": "worldometer_data",
    "node_id": "be7001a9",
    "status": "Available",
    "size": 16462
  },
  {
    "event": "after_dataset_loaded",
    "dataset": "params:dataset6_name",
    "node_id": "51267e80",
    "status": "Available",
    "size": 0
  },
  {
    "event": "after_node_run",
    "node": "explore_worldometer",
    "node_id": "092e3511",
    "duration": 0.04145989999960875,
    "status": "success"
  },
  {
    "event": "after_dataset_loaded",
    "dataset": "worldometer_data_clean",
    "node_id": "16c8a884",
    "status": "Available",
    "size": 0
  },
  {
    "event": "after_node_run",
    "node": "plot_cases_by_continent_node",
    "node_id": "59775586",
    "duration": 0.1997884000011254,
    "status": "success"
  },
  {
    "event": "after_dataset_saved",
    "dataset": "cases_by_continent_plot",
    "node_id": "fee61513",
    "status": "Available",
    "size": 0
  },
  {
    "event": "after_dataset_loaded",
    "dataset": "covid_19_clean_complete_final",
    "node_id": "6e14d375",
    "status": "Available",
    "size": 0
  },
  {
    "event": "after_node_run",
    "node": "plot_cases_node",
    "node_id": "e3bdafcd",
    "duration": 0.08970720000070287,
    "status": "success"
  },
  {
    "event": "after_dataset_saved",
    "dataset": "covid_cases_plot",
    "node_id": "57cd1ae2",
    "status": "Available",
    "size": 90269
  },
  {
    "event": "after_pipeline_run",
    "timestamp": "2025-11-26T06:18:36.438569+00:00"
  }
]